<?xml version="1.0" encoding="utf-8"?>
<ArrayOfPerson xmlns:xsi="http://www.w3.org/2001/XMLSchema-instance" xmlns:xsd="http://www.w3.org/2001/XMLSchema">
  <Person>
    <FirstName>Сергей</FirstName>
    <LastName>Сорокин</LastName>
    <Grades>
      <int>5</int>
      <int>4</int>
      <int>5</int>
      <int>5</int>
      <int>4</int>
    </Grades>
  </Person>
  <Person>
    <FirstName>Фоменко</FirstName>
    <LastName>Марина</LastName>
    <Grades>
      <int>5</int>
      <int>5</int>
      <int>5</int>
      <int>5</int>
      <int>5</int>
    </Grades>
  </Person>
  <Person>
    <FirstName>Николай</FirstName>
    <LastName>Поляков</LastName>
    <Grades>
      <int>3</int>
      <int>4</int>
      <int>5</int>
      <int>4</int>
      <int>4</int>
    </Grades>
 </Person>
<Person>
    <FirstName>Михаил</FirstName>
    <LastName>Страха</LastName>
    <Grades>
      <int>4</int>
      <int>4</int>
      <int>5</int>
      <int>5</int>
      <int>4</int>
    </Grades>
  </Person>
<Person>
    <FirstName>Максим</FirstName>
    <LastName>Ерёмин</LastName>
    <Grades>
      <int>5</int>
      <int>4</int>
      <int>5</int>
      <int>4</int>
      <int>4</int>
    </Grades>
  </Person>
</ArrayOfPerson>